Datetime,Water Level (m)
2026-02-09 00:00:00,-0.03441728
2026-02-09 01:00:00,-0.06492071
2026-02-09 02:00:00,-0.11286777
2026-02-09 03:00:00,-0.18932657
2026-02-09 04:00:00,-0.30000597
2026-02-09 05:00:00,-0.4036637
2026-02-09 06:00:00,-0.5205541
2026-02-09 07:00:00,-0.6234944
2026-02-09 08:00:00,-0.6754488
2026-02-09 09:00:00,-0.62080854
2026-02-09 10:00:00,-0.49230754
2026-02-09 11:00:00,-0.3504824
2026-02-09 12:00:00,-0.20180432
2026-02-09 13:00:00,-0.12119179
2026-02-09 14:00:00,-0.11893061
2026-02-09 15:00:00,-0.15395345
2026-02-09 16:00:00,-0.20595765
2026-02-09 17:00:00,-0.26328307
2026-02-09 18:00:00,-0.31871548
2026-02-09 19:00:00,-0.37784627
2026-02-09 20:00:00,-0.40509522
2026-02-09 21:00:00,-0.37174723
2026-02-09 22:00:00,-0.2937344
2026-02-09 23:00:00,-0.21780355
2026-02-10 00:00:00,-0.15434055
2026-02-10 01:00:00,-0.15527172
2026-02-10 02:00:00,-0.21481763
2026-02-10 03:00:00,-0.29432198
2026-02-10 04:00:00,-0.38616705
2026-02-10 05:00:00,-0.4807441
2026-02-10 06:00:00,-0.5578896
2026-02-10 07:00:00,-0.630692
2026-02-10 08:00:00,-0.67112875
2026-02-10 09:00:00,-0.6517926
2026-02-10 10:00:00,-0.5681844
2026-02-10 11:00:00,-0.4602097
2026-02-10 12:00:00,-0.3383323
2026-02-10 13:00:00,-0.23019832
2026-02-10 14:00:00,-0.16166805
2026-02-10 15:00:00,-0.13732724
2026-02-10 16:00:00,-0.15590866
2026-02-10 17:00:00,-0.19837928
2026-02-10 18:00:00,-0.23874007
2026-02-10 19:00:00,-0.28030056
2026-02-10 20:00:00,-0.32372952
2026-02-10 21:00:00,-0.3455988
2026-02-10 22:00:00,-0.3355096
2026-02-10 23:00:00,-0.30872446
2026-02-11 00:00:00,-0.2856243
2026-02-11 01:00:00,-0.28692564
2026-02-11 02:00:00,-0.32326886
2026-02-11 03:00:00,-0.38567466
2026-02-11 04:00:00,-0.4566813
2026-02-11 05:00:00,-0.53145975
2026-02-11 06:00:00,-0.598476
2026-02-11 07:00:00,-0.65139663
2026-02-11 08:00:00,-0.6972515
2026-02-11 09:00:00,-0.71993357
2026-02-11 10:00:00,-0.6873966
2026-02-11 11:00:00,-0.60308343
2026-02-11 12:00:00,-0.49508297
2026-02-11 13:00:00,-0.3759764
2026-02-11 14:00:00,-0.2746138
2026-02-11 15:00:00,-0.19794956
2026-02-11 16:00:00,-0.15251325
2026-02-11 17:00:00,-0.14359036
2026-02-11 18:00:00,-0.1651648
2026-02-11 19:00:00,-0.19535561
2026-02-11 20:00:00,-0.22996613
2026-02-11 21:00:00,-0.27725706
2026-02-11 22:00:00,-0.32894394
2026-02-11 23:00:00,-0.3754128
2026-02-12 00:00:00,-0.40123755
2026-02-12 01:00:00,-0.40251562
2026-02-12 02:00:00,-0.39715356
2026-02-12 03:00:00,-0.40952596
2026-02-12 04:00:00,-0.44375315
2026-02-12 05:00:00,-0.49214378
2026-02-12 06:00:00,-0.5422661
2026-02-12 07:00:00,-0.59221107
2026-02-12 08:00:00,-0.6404024
2026-02-12 09:00:00,-0.68153936
2026-02-12 10:00:00,-0.71722865
2026-02-12 11:00:00,-0.7259679
2026-02-12 12:00:00,-0.6764571
2026-02-12 13:00:00,-0.5761245
2026-02-12 14:00:00,-0.45142752
2026-02-12 15:00:00,-0.30908242
2026-02-12 16:00:00,-0.18073529
2026-02-12 17:00:00,-0.097729445
2026-02-12 18:00:00,-0.063419394
2026-02-12 19:00:00,-0.08114801
2026-02-12 20:00:00,-0.13051258
2026-02-12 21:00:00,-0.18486485
2026-02-12 22:00:00,-0.24906185
2026-02-12 23:00:00,-0.32859814
2026-02-13 00:00:00,-0.40906247
2026-02-13 01:00:00,-0.47257817
2026-02-13 02:00:00,-0.49280325
2026-02-13 03:00:00,-0.4606945
2026-02-13 04:00:00,-0.41997665
2026-02-13 05:00:00,-0.39424646
2026-02-13 06:00:00,-0.38726977
2026-02-13 07:00:00,-0.41616377
2026-02-13 08:00:00,-0.47114798
2026-02-13 09:00:00,-0.52958614
2026-02-13 10:00:00,-0.5932473
2026-02-13 11:00:00,-0.65386194
2026-02-13 12:00:00,-0.70459086
2026-02-13 13:00:00,-0.69620115
2026-02-13 14:00:00,-0.5993264
2026-02-13 15:00:00,-0.46266064
2026-02-13 16:00:00,-0.30125183
2026-02-13 17:00:00,-0.13389555
2026-02-13 18:00:00,-0.026481064
2026-02-13 19:00:00,0.023145495
2026-02-13 20:00:00,-0.0051667555
2026-02-13 21:00:00,-0.071423665
2026-02-13 22:00:00,-0.14754616
2026-02-13 23:00:00,-0.23193629
2026-02-14 00:00:00,-0.33511615
2026-02-14 01:00:00,-0.4355477
2026-02-14 02:00:00,-0.5138995
2026-02-14 03:00:00,-0.51115924
2026-02-14 04:00:00,-0.4351205
2026-02-14 05:00:00,-0.35603046
2026-02-14 06:00:00,-0.29440722
2026-02-14 07:00:00,-0.26776573
2026-02-14 08:00:00,-0.30877438
2026-02-14 09:00:00,-0.36838552
2026-02-14 10:00:00,-0.4369955
2026-02-14 11:00:00,-0.5240316
2026-02-14 12:00:00,-0.6027312
2026-02-14 13:00:00,-0.67381424
2026-02-14 14:00:00,-0.6809802
2026-02-14 15:00:00,-0.5797876
2026-02-14 16:00:00,-0.42675164
2026-02-14 17:00:00,-0.25063235
2026-02-14 18:00:00,-0.05886794
2026-02-14 19:00:00,0.05818334
2026-02-14 20:00:00,0.09076478
2026-02-14 21:00:00,0.039236266
2026-02-14 22:00:00,-0.032625686
2026-02-14 23:00:00,-0.11589896
2026-02-15 00:00:00,-0.21147788
